Use Case Name,Agency,Agency Abbreviation,Bureau,Use Case Topic Area,Other (Use Case Topic Area),Is the AI use case found in the below list of general commercial AI products and services?,What is the intended purpose and expected benefits of the AI?,Describe the AI system’s outputs.,Stage of Development,"Is the AI use case rights-impacting, safety-impacting, both, or neither?",Date Initiated,Date when Acquisition and/or Development began,Date Implemented,Date Retired,Was the AI system involved in this use case developed (or is it to be developed) under contract(s) or in-house? ,Provide the Procurement Instrument Identifier(s) (PIID) of the contract(s) used.,Is this AI use case supporting a High-Impact Service Provider (HISP) public-facing service?,Which HISP is the AI use case supporting?,Which public-facing service is the AI use case supporting?,Does this AI use case disseminate information to the public?,"How is the agency ensuring compliance with Information Quality Act guidelines, if applicable?",Does this AI use case involve personally identifiable information (PII) that is maintained by the agency?,Has the Senior Agency Official for Privacy (SAOP) assessed the privacy risks associated with this AI use case?,Do you have access to an enterprise data catalog or agency-wide data repository that enables you to identify whether or not the necessary datasets exist and are ready to develop your use case?,"If Other, please explain.","Describe any agency-owned data used to train, fine-tune, and/or evaluate performance of the model(s) used in this use case.",Is there available documentation for the model training and evaluation data that demonstrates the degree to which it is appropriate to be used in analysis or for making predictions?,"Which, if any, demographic variables does the AI use case explicitly use as model features?","If Other, please explain..1",Does this project include custom-developed code?,Does the agency have access to the code associated with the AI use case?,"If the code is open-source, provide the link for the publicly available source code.",Does this AI use case have an associated Authority to Operate (ATO) for an AI system?,System Name,How long have you waited for the necessary developer tools to implement the AI use case? ,"For this AI use case, is the required IT infrastructure provisioned via a centralized intake form or process inside the agency?","If Other, please explain..2",Do you have a process in place to request access to computing resources for model training and development of the AI involved in this use case?,"If Other, please explain..3",Has communication regarding the provisioning of your requested resources been timely?,"If Other, please explain..4","How are existing data science tools, libraries, data products, and internally-developed AI infrastructure being re-used for the current AI use case?","Has information regarding the AI use case, including performance metrics and intended use of the model, been made available for review and feedback within the agency?",Has your agency requested an extension to implement the minimum risk management practices for this AI use case?,Has an AI impact assessment been conducted for this AI use case?,Has the AI use case been tested in operational or real-world environments to understand the performance and impact it may have on affected individuals or communities?,What are the key risks from using the AI for this particular use case and how were they identified?,Has an independent evaluation of the AI use case been conducted?,Is there a process to monitor performance of the AI system’s functionality and changes to its impact on rights or safety as part of the post-deployment plan for the AI use case?,"For this particular use case, can the AI carry out a decision or action without direct human involvement that could result in a significant impact on rights or safety?","If Other, please explain..5",How is the agency providing reasonable and timely notice regarding the use of AI when people interact with an AI-enabled service as a result of this AI use case?,"If Other, please explain..6",Is the AI used to significantly influence or inform decisions or actions that could have an adverse or negative impact on specific individuals or groups?,What steps has the agency taken to detect and mitigate significant disparities in the model’s performance across demographic groups for this AI use case?,What steps has the agency taken to consult and incorporate feedback from groups affected by this AI use case?,"If Other, please explain..7",Is there an established fallback and escalation process for this AI use case in the event that an impacted individual or group would like to appeal or contest the AI system’s outcome?,"If No, please explain.","Where practicable and consistent with applicable law and governmentwide policy, is there an established mechanism for individuals to opt-out from the AI functionality in favor of a human alternative?","If Other, please explain..8",_score
Recovery Engagement and Coordination for Health – Veterans Enhanced Treatment (REACH VET) 1.0 predictive model,Department of Veterans Affairs,VA,VHA: Veterans Health Administration,Health & Medical,,None of the above.,"The REACH VET 1.0 model is a predictive model using predictors extracted from the patient’s medical records (into the VA’s Corporate Data Warehouse), such as diagnoses, prescriptions, and health care utilization, to estimate statistical risk of a suicide death in the next month.  
This predictive model is used for two purposes. (1) Primary use case is to support identification of patients at elevated statistical risk of suicide in the next month for referral to a clinical case review and outreach program. Staffing guidance to ensure each health care system is staffed to conduct the case review and outreach protocol is established per clinical policy. To date, the population recommended to the clinical case review program has been limited to a number equivalent to 0.1% of the total treated patient population at each facility each month; the number of patients in the program may be modified based on guidance from the Office of Suicide Prevention. The REACH VET 1.0 statistical risk estimates contribute to an algorithm used to identify patients to refer to this program at each facility. (2) Secondary use case is to help risk stratify patients based on prior health care interactions to support augmentation of clinical attention and interventions for patients with patterns of care associated with high suicide risk. This is used, for example, to support clinical review of relevant health care history during triage of Veteran Crisis Line calls and during risk assessment of patients in mental health care.
For use case 1, REACH VET coordinators and REACH VET providers use the list and supporting information to guide execution of the targeted prevention program. For use case 2, Veterans Crisis Line responders and VHA health care providers use the categorized risk scores in the context of curated descriptive data from the patient’s medical record to review risk factors towards optimizing assessment and clinical follow-up.   
The REACH VET 1.0 model is expected to identify a population of patients at elevated risk of suicide and other negative outcomes for review by clinicians; clinicians conduct telephone outreach to identified patients when they deem such outreach appropriate.  This model and targeted prevention in which it is used (i.e. the REACH VET program) is used to augment VHA's extensive clinical suicide prevention program. While VHA conducts universal screening for suicide risk by asking patients structured questions regarding suicidality, this screening process does not identify all patients who go on to die of  suicide. The REACH VET model is intended to identify patients who might be missed in clinical assessment or whose risk may have changed since their last assessment. Here, the REACH VET model identifies patients at statistical risk of suicide, that is they share similarities in their health care data to patients who did die of suicide in the past.  The patients at highest statistical risk are highlighted to mental health providers for additional review. This targeted prevention program has been nationally implemented in VHA health care systems since 2017 and an evaluation of the effects of the REACHVET program was conducted. This evaluation found that REACH VET implementation was associated with greater treatment engagement and new safety plan documentation and fewer mental health admissions, emergency department visits, and suicide attempts. Full findings of this program evaluation are available at:  https://www.ncbi.nlm.nih.gov/pmc/articles/PMC8524305/","The REACH VET predictive model estimates the likelihood of dying of suicide in the next month for each active patient in VHA. This estimate is used as part of an algorithm that considers factors such as the size of the health care system, current patient treatment engagement, and whether the patient has had previous engagement with the REACH VET program to generate a dashboard with patients at high statistical risk of suicide for review by a REACH VET coordinator and identified clinicians at each health care system. The REACH VET dashboard provides information about identified risk factors for the included patients and supports a coordinated case review and, where applicable, clinical outreach process to support identification of care gaps and offer additional services as appropriate.",Operation and Maintenance,Both,1/1/2014,1/1/2014,11/1/2016,,Developed in-house.,,No,,,No,,Yes,Yes,Yes,,"As quoted in publication 'Clinical data came from the VHA National Patient Care Database, an archival data set that contains comprehensive patient-by-patient, encounter-by-encounter clinical and administrative data derived from the Department of Veterans Affairs’ electronic medical records. Data regarding vital status and cause of death were from the National Death Index, a centralized database maintained by the National Center for Health Statistics of death record information on file in state vital statistics offices. We conducted searches with established procedures.24 We constructed 3 samples: (1) model development, (2) model validation, and (3) prediction. The development and validation samples contained data for patient-months from all patients who died from suicide from October 1, 2008, to September 30, 2011, and had received VHA services in the previous 2 years (case patients) and a random 1% of patients who survived the month and received VHA services in the previous 2 years (control patients). We randomly assigned half of the case patients and half of the control patients to the development sample and half to the validation sample. Each contained patient-months from 3180 case patients and 1 056 004 control patients.' (McCarthy et al, 2015).  Data from the VA Corporate Data Warehouse was used to evaluate performance of the models.","Documentation has been partially completed: Some documentation exists (detailing the composition and any statistical bias or measurement skew for training and evaluation purposes), but documentation took place within this use case’s development.","[""Age"",""Sex/Gender"",""Marital Status"",""Race/Ethnicity"",""Ability Status""]","Note that ""Ability status"" is service connected disability status in this model.",Yes,"Yes – agency has access to source code, but it is not public.",,Yes,Corporate Data Warehouse - 1152,Less than 6 months,Yes,,Yes,,Yes,,Use of existing data platforms: This use case is being developed on existing enterprise data and analytics platforms within the agency rather than procuring additional platforms or SaaS to operate.,"Documentation has been developed: Complete documentation detailing model performance across a range of benchmarks, architecture, relevant features and information regarding the appropriate use of the model for predictive tasks has been created.",No – Agency did not request an extension for this use case.,Yes,"Impact evaluation in operational environment: The AI use case has been tested in an operational environment before being fully implemented as a solution and has utilized randomized experiments with a control group or other counterfactual, social systems analysis, or other rigorous research methodologies to evaluate impact and identify potential harm to users as well as broader groups of people.","Our main concerns regarding risks are as follows:  (1) Providers might over-rely on statistical risk estimate. To reduce this risk, we provide information regarding which risk factors were identified by the predictive model to encourage transparent understanding of the basis for the model estimate.  Moreover, the clinical prevention program provides only general guidelines to clinicians indicating that identified patients should be reviewed.  This forces clinicians to rely on their clinical skills to plan intervention responses. (2) The program could be clinically inefficient and use provider time that might be more effectively focused elsewhere.  This is a real risk which may evolve over time as other components of the overall VA suicide prevention program improve, and potentially reduce the need for this targeted prevention program. VHA conducts ongoing evaluations to assess for potential inefficiencies in the model and test methods to improve clinical efficiency.  For example, VA is currently piloting a process to expand focus of the REACH VET program to patients not currently engaged in mental health care.  (3) The program could lead to unfair allocation of clinical resources if the model is biased and other clinical programming does not compensate for areas of model underperformance. This is also a risk and thus VHA evaluates model bias across key demographic populations and actively develops methods to reduce model bias or address bias by adjusting other components of the treatment system to compensate.   After review of the common risks template, the following additional risks were identified: Fair & Equitable (FE) - Algorithm target not reflective of real-world outcome of interest Response: There is a minor risk that the county coroners who assign cause of death might have miscategorized some Veteran deaths, reducing the validity of the outcome variable used.   Transparent & Explainable (TE) - Degradation of End-User Trust and Ineffective Challenge or Remedy Processes Response: This is a risk. There has been public misunderstanding of how the model performs and is used. VA has responded and clarified misconceptions in the public forums in which misunderstanding has arisen.   Accountable & Monitored (AM) - Performance Efficacy and Fairness (e.g. Model/Data Drift, Model Degradation, or inappropriate application)  Response: This is a risk, model performance is degrading over time and an update is in process. However all identified patients are clinically complex and appropriate for clinical attention.  Accountable & Monitored (AM) - User-Introduced Errors Response: There is a low risk, there is a community of practice to support proper implementation of the REACH VET Program, which is supervised and trained by national program leads.   Accountable & Monitored (AM) - System Performance Not as Intended Response: There is a low risk, the internal VA team that manages the model and risk estimates based on it has validation processes in place to review all steps of the process.",TRUE,"Intermittent and Manually Updated: A plan for monitoring the AI use case is in place, and requires data science teams to work with DevOps engineers to manually update models at scheduled intervals, and create metrics to detect data distribution shifts between the operational environment and the training data for the model. ",No - Some individual decisions or actions require direct human oversight.,,Telephone,,Yes,"VA has examined suicide risk concentration among Veterans in VHA care, stratified by patient sex, race and ethnicity.  Model performance was reasonably similar across demographic subgroups. Because the REACH VET clinical program is just one augmentative component of the overall suicide prevention program, weaknesses in the ability of the REACH VET algorithm to identify high risk patients for intervention have been considered in design of other components of the overall suicide prevention program and mitigated where possible.  For example, the REACH VET model lacks information about patients who have had minimal engagement with the health care system for suicide risk factors they may have experienced.  As such, the model will inherently underestimate risk for new patients and patients experiencing new episodes of symptoms or stressors that could elevate risk.  To combat this weakness, VA implemented a universal suicide risk screening process, including at least annual screening of all patients in primary care and mandatory suicide screening in VA emergency departments which are likely to be the entry point for patients with new challenges that are not yet documented in medical records. This screening triggers mandatory follow-up for positive cases by a clinician with mental health care training, who can offer services (as would be done in REACH VET triggered outreach).  As another example, some known risk factors for suicide were not well captured in medical records at the time of model training.  VHA has implemented clinical screening programs for some of these risk factors (e.g. military sexual trauma, food insecurity) and trained clinicians regarding their contribution to risk and the importance of offering services to address challenges.  Likewise, VA decision support systems that provide drill-in summaries of suicide related risks for REACH VET and other VHA patients (i.e. CRISTAL) summarize and display information from these clinical screeners with other information about suicide risk factors to facilitate clinical evaluation and response to suicide risks.  While it is impossible to build a REACH VET model that is not affected by biases in detection of risk factors due to variation in access to/utilization of VA health care, VHA has taken steps to address expected/known gaps in model performance through implementation of other suicide prevention programming.","[""Post-transaction customer feedback collections"",""Other"",""Public hearings or meetings""]",,Yes,,Yes,,10
Elastic Machine Learning Threat Detection - Phase 2,General Services Administration,GSA,GSA,Other,,None of the above.,"Leverage an LLM that has been given access to our security logs, to provide a more efficient search and discovery tool for SOC analysts. The benefit would be helping the SOC analyst find records of interest and/or associated logs quicker. It will also analyze logs automatically and suggest records of interest.",Text displayed on the user's screen,Initiated,Neither,Q4FY25,,,,Developed with contracting resources.,,No,Public Experience Portfolio – GSA ,Enable increased self-service through an expansion of digital costumer service tools,No,,No,No,Yes,,System and application logs collected into our SIEM tool,"Documentation is complete: Documentation exists regarding the maintenance, composition, quality, and intended use of the training and evaluation data, as well as any statistical bias across model features and protected groups. ",,,No,"Yes – agency has access to source code, but it is not public.",,Yes,I-SecTools,Less than 6 months,Yes,,No,,Yes,,Use of existing data platforms: This use case is being developed on existing enterprise data and analytics platforms within the agency rather than procuring additional platforms or SaaS to operate.,"No documentation is available: No documentation detailing model performance metrics, model architecture, features and intended use of the models have been created or are currently accessible to other data science teams within the agency.",No – Agency did not request an extension for this use case.,No,No testing: No testing of the model to simulate performance in an operational environment has been conducted thus far.,No key risks identified. No PII or other demographic data fed into the AI system.,Planned or in-progress,No monitoring protocols have been established: Necessary infrastructure needed to perform monitoring of AI systems in production is not available and/or a plan to monitor models has not yet been established.,No - Some individual decisions or actions require direct human oversight.,,In-person,,Yes,No demographic data is collected by the SIEM tool. No demographic data fed to AI system for training or inference.,None of the above,,"No – Law, operational limitations, or governmentwide guidance precludes an opportunity for an individual to appeal.",The AI system is designed to provide data to a human SOC analyst when queried. The AI initiates no actions on its own nor is its output used directly.,"No – This AI use case is not subject to the opt-out requirement because the AI functionality is solely used for the prevention, detection, and investigation of fraud or cybersecurity incidents, or the conduct of a criminal investigation.",Human's review alerts generated and only human's make actionable decisions,9
USA Class,Office of Personnel Management,OPM,HRS/HRSES/Federal Classification Center,Mission-Enabling,,,"The purpose of this project is to build an application to help managers and HR specialists (classifiers) improve the quality and speed the development of position descriptions (PDs). Developing a PD can be a lengthy process that requires significant back-and-forth between managers and classifiers. The length of time required to develop a PD is often cited as a major pain point and bottleneck in federal hiring, workforce planning, organizational design, and performance management processes. To address the challenge today, managers will simply copy whole PDs or significant sections of PDs which weakens the accuracy of the new PD. Agencies have also turned to the use of “standard” PDs which tend to be too generic to be effective for use in recruitment and performance.

This project seeks to solve the “blank-page-syndrome” by suggesting draft major duties, factor evaluation statements, and other elements of the PD for managers and classifiers to use to develop PDs that meet classification standards.

This project is expected to significantly decrease the time required to develop PDs, leading to a decrease in time to hire and other related HR processes. A decrease in the time to hire means agencies can be more competitive in attracting top talent to their organizations, enhancing their ability to meet their missions. A decrease in the time required to develop position descriptions is also expected to lead to cost savings for agencies – freeing up manager and HR specialist time for other tasks. Additionally, the streamlined generation of PDs will enable agencies to move away from “standard” PD processes which will allow for better organizational design and workforce planning outcomes. The project is expected to also lead to higher-quality PDs that adhere to classification standards. This will improve position and performance management and talent acquisition in agencies, ensuring organizations are structured and staffed appropriately to meet their missions.
","USA Class will provide draft PD content generated through large language models (LLMs) and informed by a PD library curated by OPM experts and user responses to prompt questions about the position’s purpose, regular and recurring work, and knowledge required. The questions are intended to be straightforward and easily answered by the manager in a few minutes. The application will then send this information in a prompt to the LLM and generates suggested major duty titles and work tasks. The user (manager or classifier) can edit the draft content suggested by the system and makes the decision whether to include it in the PD or not. Future iterations will include a certification by a classifier and others that they accept/approve the final content of the full PD.",Acquisition and/or Development,"Rights-Impacting
",3/1/2024,3/1/2024,,,Developed with both contracting and in-house resources.,24322624F0027,No,,,,,,,Yes,,"The AI system uses a RAG (Retrieval-Augmented-Generation) architecture including GPT-4o (accessed through OPM’s Azure Open AI environment) that leverages manager-provided responses to a few brief questions as well as a library of curated and validated federal position descriptions. The Position Description library consists of approximately 2,800 PDs developed by OPM/HRS’s Federal Classification Center for internal and external customer agencies.","Documentation is widely available: Documentation is not only complete, but is widely accessible within the agency, and has an owner and a regular update cadence.",,,,,,Yes,USAData Analytics,Less than 6 months,Yes,,Yes,,Yes,,Use of existing data platforms: This use case is being developed on existing enterprise data and analytics platforms within the agency rather than procuring additional platforms or SaaS to operate.,Limited documentation for review: Some information regarding the model’s performance on specific benchmarks are available or have been shared with specific stakeholders within the agency.,No – Agency did not request an extension for this use case.,Yes,"Benchmark evaluation: Testing of the AI model has involved the use of benchmarks (either publicly available or internally created) to estimate performance in real-world settings, but has not been tested in an operational environment. ","We are aware that AI models can perpetuate existing biases present in the training data, leading to unfair or discriminatory classification outcomes. 

It could be a risk to user adoption that Federal managers and HR professionals do not understand how USA Class uses generative AI and whether or not it is safe and effective for them to use.

USA Class could produce incomplete, inaccurate, or inconsistent suggestions due to limitations in training data or other gaps. 

USA Class users could rely too much on the suggested position description content and not review and edit or adjust their prompts enough to get as precise results as are possible leading to overly generic or incomplete PDs. ",Yes – by an agency AI oversight board not directly involved in the system’s development,No monitoring protocols have been established: Necessary infrastructure needed to perform monitoring of AI systems in production is not available and/or a plan to monitor models has not yet been established.,No - Some individual decisions or actions require direct human oversight.,,Online - in the terms or instructions for the service.,,No,These activities are expected as the current prototype matures in the pilot process.,None of the above,,Yes,,Yes,,9
PINGOO.AI,Department of Veterans Affairs,VA,VHA: Veterans Health Administration,Health & Medical,,None of the above.,Edcuational infomrational app that uses a RAG model to provide up to date and trustrowthy infomration to Veterans who are diabetic. ,Output is infomation that is related to the RAG model communicated to the Veteran through a language model interface.,Acquisition and/or Development,Both,9/26/2024,9/26/2024,,,Developed with contracting resources.,,Yes,Veterans Health Administration,,Yes,RAG model verified and peer reviewed,No,No,Yes,,,"Documentation is complete: Documentation exists regarding the maintenance, composition, quality, and intended use of the training and evaluation data, as well as any statistical bias across model features and protected groups. ",,,Yes,"Yes – agency has access to source code, but it is not public.",,No,,6-12 months,Yes,,Yes,,Yes,,None: This use case does not re-use any internally developed tooling or managed infrastructure from any other AI development efforts within the agency.,Documentation has been published: Complete documentation has been published to a repository or data catalog within the agency and is made accessible to other data science teams for review and feedback.,Yes – Agency requested an extension for this use case.,,,,,,,,,,,,,,,,,,9
Smart AI Bot Assistant,Department of Veterans Affairs,VA,VHA: Veterans Health Administration,Health & Medical,,None of the above.,"A machine learning and natural language processing algorithm will be trained to provide real-time prompts of resources to improve the quality of crisis calls for the Veterans Crisis Line (VCL). Curated, vetted resources will be prompted by keywords for responders to consider during a crisis call. Natural language processing will be used to listen and document during and after the call, organizing the documentation to include topic areas and key points. This will decrease the time spent on documentation, improve the responder workflow, and provide needed downtime for responders to debrief with colleagues and take breaks. Additionally, the chat bot could detect the need for supervisory support during a call, improving real-time communication between a VCL responder and their supervisor. The use cases for the AI will be reviewed by VA experts and subject matter experts, with the draft use cases requiring technical steps to build, pilot test, and refine.","Smart Responder Chat Bot Use Case #1 – Real time resources for VCL responders   Using machine learning and natural language processing an algorithm will be trained based on feedback from the Veterans Crisis Line staff and crisis line responders to provide real-time prompts of resources to improve the quality of the crisis call. Curated, vetted resources will be prompted by key words for the responder to consider using during a crisis call.   Smart Responder Chat Bot Use Case #2 – AI documentation for VCL responders   To improve the time each Veterans Crisis Line responder spends on documentation during and after a crisis call, natural language processing will be used to listen and document during and after the call. The documentation will be organized to include the topic areas and key points required in documentation and provide a final draft editable by the responder. This use case will; decrease the time spent by responders on documentation, improve the responder workflow for VCL operations, and provide needed downtime away from both answering calls and documentation for responder to debrief with colleagues, accomplish other tasks and take necessary breaks to improve overall responder wellbeing.   Smart Responder Chat Bot Use Case #3 – AI for supervisory support during a call   Using machine learning and natural language processing including sentiment analysis, a chat bot could detect the need for a responder to seek supervisory support. Improving the real-time communication between a VCL responder and their supervisor during a call that is challenging (eg. Inappropriate language, escalating rapidly, etc.) could be a useful use case.",Initiated,"Rights-Impacting
",9/19/2024,,,,Developed with both contracting and in-house resources.,,Yes,Veterans Health Administration,,No,,No,No,Other,TBD,TBD,"Documentation is missing or not available: No documentation exists regarding maintenance, composition, quality, or intended use of the training and evaluation data.",,,Yes,No – agency does not have access to source code.,,No,,6-12 months,Other,TBD,Other,TBD,Other,TBD,Use of existing data platforms: This use case is being developed on existing enterprise data and analytics platforms within the agency rather than procuring additional platforms or SaaS to operate.,"No documentation is available: No documentation detailing model performance metrics, model architecture, features and intended use of the models have been created or are currently accessible to other data science teams within the agency.",,,,,,,,,,,,,,,,,,,9
Login.gov,General Services Administration,GSA,FAS (TTS),Other,Facial matching for identity verification,None of the above.,"The purpose of Login.gov's identity verification service is to establish a link between the claimed identity and the subject creating a user account. The facial matching AI component of this service provides enhanced controls to protect users from identity fraud and the government from fraudulent access. 

The benefit to the user is to provide a fast, convenient way to prove their identity remotely and protect the public from identity theft.

The benefit to the government is to that government partners may use this tool to verify the identities of people accessing government websites in a remote, unattended session and protect Government systems from fraudulent access.",The system delivers a match/no-match output.,Implementation and Assessment,"Rights-Impacting
",10/1/2023,4/12/2024,5/1/2024,,Developed with contracting resources.,47QPCA24F0002,Yes,Public Experience Portfolio – GSA ,Enable increased self-service through an expansion of digital costumer service tools,No,,No,Yes,Yes,,"The model is not trained or tuned using agency data.

GSA evaluated several facial-matching models in its Identity Proofing Performance Study using GSA data in a testing environment. More information about that study and the data it collected is available on this website and in GSA's Privacy Impact Assessment for the Study, which is located here under ""GSA Identity Proofing Equity Study"".

In addition to in-depth studies like above, GSA upholds best product monitoring practices, such as evaluating success rates at each identity verification step, including facial matching. ","Documentation is complete: Documentation exists regarding the maintenance, composition, quality, and intended use of the training and evaluation data, as well as any statistical bias across model features and protected groups. ",,,No,No – agency does not have access to source code.,,Yes,"Login serves HISPs at VA, USDA, and SSA",Less than 6 months,Yes,,Other,"Since this AI is a COTS SaaS solution, GSA does not currently have a process in place to train and develop the model. GSA will monitor its performance and include performance measures in contracts as needed.",Yes,,Use of existing data platforms: This use case is being developed on existing enterprise data and analytics platforms within the agency rather than procuring additional platforms or SaaS to operate.,"Documentation has been developed: Complete documentation detailing model performance across a range of benchmarks, architecture, relevant features and information regarding the appropriate use of the model for predictive tasks has been created.",Yes – Agency requested an extension for this use case.,Yes,"Performance evaluation in operational environment: The AI use case has been tested in an operational environment before being fully implemented as a solution, or has been tested in simulated or controlled environment using operational or synthetic data.","AI outputs that are biased in certain ways, including by being discriminatory or have a discriminatory effect. This was identified by agency personnel through literature reviews and initial testing of facial matching algorithms.",Yes – by another appropriate agency office that was not directly involved in the system’s development,"Intermittent and Manually Updated: A plan for monitoring the AI use case is in place, and requires data science teams to work with DevOps engineers to manually update models at scheduled intervals, and create metrics to detect data distribution shifts between the operational environment and the training data for the model. ",No - Some individual decisions or actions require direct human oversight.,,None of the above,,No,"To assess the potential risk of disparate outcomes, GSA is conducting the GSA Identity Proofing Performance Study (the “Study”) to understand how various vendors’ facial matching services perform across various demographics in uncontrolled environments similar to how this AI use case would operate.
- The preliminary results of the Study have already been helpful in acquisition and design decisions to mitigate the risk of biased outcomes. For example, Login.gov requested that BPA Call Order vendors provide both internal and independent research on their products, including requesting the NIST FRTE 1:1 Demographic Differentials Summary that examines the false negative rate of 1:1 facial matching algorithms for different demographics, which includes testing the algorithms with photographs of people who are African or African American.
- Over FY25, the Identity Proofing Performance Study team and academic partners will continue to evaluate the data and provide Login.gov with additional recommendations, which Login.gov will consider when maintaining and developing its service. For example, data from Login.gov’s operational identity-proofing process will be compared to similar datasets from the Study to develop and validate continuous performance indicators.
",Post-transaction customer feedback collections,,Yes,,Yes,,8
PreCheck Touchless Identity Solution (TIS),Department of Homeland Security,DHS,TSA,Transportation,,None of the above.,"TSA is using Facial Comparison to verify a passenger’s identity at its security checkpoints and CMAP locations using the CBP Traveler Verification Service (TVS). This process streamlines passenger and crewmember identity verification, increasing the speed of security checks while maintaining a high degree of safety for all passengers and crewmembers.""","TSA is leveraging CBP's TVS system technology as an optional process for passengers or crew members traveling via certain airports who wish to further expedite their TSA PreCheck or crew member ID verification process. This additional TSA PreCheck feature is voluntary, and passengers may opt-out of the process at any time and instead choose the standard identity verification by a Transportation Security Officer (TSO). Crew members that wish to opt-out will be sent to the security checkpoint to process through screening.",Operation and Maintenance,"Rights-Impacting
",4/1/2016,4/1/2017,10/1/2018,,Developed with contracting resources.,024-000005265,Yes,Transportation Security Administration – DHS ,Completing TSA passenger screening,No,,Yes,Yes,Other,Data repository owned by another agency.,"N/A - The Agency does not own any of the data used to train, fine-tune, and/or evaluate performance of the model(s) used in this use case.","Documentation is complete: Documentation exists regarding the maintenance, composition, quality, and intended use of the training and evaluation data, as well as any statistical bias across model features and protected groups. ",,,Yes,"Yes – agency has access to source code, but it is not public.",,Yes,CBP TVS,Less than 6 months,Other,Provisioned through CBP.,Other,CBP has process in place to request access,Yes,,None: This use case does not re-use any internally developed tooling or managed infrastructure from any other AI development efforts within the agency.,"Documentation has been developed: Complete documentation detailing model performance across a range of benchmarks, architecture, relevant features and information regarding the appropriate use of the model for predictive tasks has been created.",No – Agency did not request an extension for this use case.,Yes,"Impact evaluation in operational environment: The AI use case has been tested in an operational environment before being fully implemented as a solution and has utilized randomized experiments with a control group or other counterfactual, social systems analysis, or other rigorous research methodologies to evaluate impact and identify potential harm to users as well as broader groups of people.","The key risk is the degradation of the TVS verification to degrade overtime based on the parameters of assessment for comparing images to templates. This was mitigated by testing the threshold for the biometric matching extensively with a variety of face types for several months to establish a match threshold for the identification. The algorithms have been trained on hundreds of millions of data points from a combination of public and private data sources. The underlying data covers a wide variety of demographics (e.g., age, race, gender, etc.) representative of the general population. During model training and refinement shortcomings (e.g., certain combinations of flesh tones and lighting, facial hair variations, etc.) were compensated for. The algorithms are industry leading as measured by NIST. This mitigates the risk of poor performance and algorithmic discrimination. ",Yes – by the CAIO,"Intermittent and Manually Updated: A plan for monitoring the AI use case is in place, and requires data science teams to work with DevOps engineers to manually update models at scheduled intervals, and create metrics to detect data distribution shifts between the operational environment and the training data for the model. ",No - Some individual decisions or actions require direct human oversight.,,"Online - in the terms or instructions for the service.,In-person,Other",Facial matching and privacy notices are posted where facial recognition technology is in use.,No,The threshold for the biometric matching was tested extensively with a variety of face types for several months to establish a match threshold for the identification.,"Direct user testing,General solicitations of comments from the public",,Yes,,Yes,,8
Credential Authentication Technology with Camera System (CAT-2) and AutoCAT (CAT-2 in an e-gate form factor),Department of Homeland Security,DHS,TSA,Transportation,,None of the above.,"The Transportation Security Administration (TSA) uses AI-based, one-to-one (1:1) facial matching technologies at some checkpoints to assist human reviewers with traveler identity verification. The purpose and expected benefits of the technology include increased speed and accuracy of identity verification at the checkpoint while improving detection of imposters.","The system produces an recommendation to the Transportation Security Officer (TSO) to indicate if person presenting the identity document is similar to the face on the photo ID document.  In the event of a non-match, the TSO is responsible for additional identity verification steps to verify the identity of the traveler.",Operation and Maintenance,"Rights-Impacting
",1/1/2022,7/1/2023,9/1/2023,,Developed with contracting resources.,70T04023D7672N0001,Yes,Transportation Security Administration – DHS ,Completing TSA passenger screening,No,,Yes,Yes,No,,"N/A - The Agency does not own any of the data used to train, fine-tune, and/or evaluate performance of the model(s) used in this use case.","Documentation is widely available: Documentation is not only complete, but is widely accessible within the agency, and has an owner and a regular update cadence.",,,No,No – agency does not have access to source code.,,Yes,STIP/CAT,6-12 months,No,,No,,Other,,None: This use case does not re-use any internally developed tooling or managed infrastructure from any other AI development efforts within the agency.,Documentation has been published: Complete documentation has been published to a repository or data catalog within the agency and is made accessible to other data science teams for review and feedback.,No – Agency did not request an extension for this use case.,Yes,"Impact evaluation in operational environment: The AI use case has been tested in an operational environment before being fully implemented as a solution and has utilized randomized experiments with a control group or other counterfactual, social systems analysis, or other rigorous research methodologies to evaluate impact and identify potential harm to users as well as broader groups of people.","In the event of a non-match, the traveler may make a second attempt or TSA may perform additional identity verification steps to verify the identity of the traveler. This process may add between 20 seconds or a few minutes to the identity verification and security screening process. This is mitigated through T&E and continuous monitoring.  ",Yes – by the CAIO,"Automated and Regularly Scheduled Updates: Some aspects of the plan to monitor the AI system post-deployment are automated including re-training of models after detecting drift; however, data science teams are still significantly involved in the monitoring and re-deployment process.",No - Some individual decisions or actions require direct human oversight.,,"Online - in the terms or instructions for the service.,In-person,Other",TSA Website,No,Test and Evaluation and continuous monitoring.,Direct user testing,,Yes,,Yes,,8
I-765 - USCIS Facial Recognition through IDENT (1:1 Face Recognition/Validation),Department of Homeland Security,DHS,USCIS,Law & Justice,,None of the above.,This will allow the user to complete the biometric verification requirement without having to attend an appointment at am Applicant Support Center. This reduces the burden on the beneficiary as well as reducing demands on USCIS Applicant Service Center resources.,Match or no match response from IDENT.,Operation and Maintenance,"Rights-Impacting
",10/3/2023,10/3/2023,11/12/2024,,Developed with contracting resources.,70SBUR23F00000126,Yes,U.S. Citizenship and Immigration Services – DHS ,Enable increased self-service through an expansion of digital costumer service tools,No,,Yes,Yes,No,,"N/A - Agency does not own any data used to train, fine-tune, or evaluate the use case.","Documentation is widely available: Documentation is not only complete, but is widely accessible within the agency, and has an owner and a regular update cadence.",,,Yes,"Yes – agency has access to source code, but it is not public.",,Yes,Customer Profile Management System,Less than 6 months,No,,No,,Other,,Re-use production level code from a different use-case: This use case re-uses production level code and/or internally developed code libraries for model development from existing AI systems or repositories inside the agency.,Limited documentation for review: Some information regarding the model’s performance on specific benchmarks are available or have been shared with specific stakeholders within the agency.,No – Agency did not request an extension for this use case.,Yes,"Performance evaluation in operational environment: The AI use case has been tested in an operational environment before being fully implemented as a solution, or has been tested in simulated or controlled environment using operational or synthetic data.",Potential mismatch of face images and/or bias based on demographic data held by USCIS.   USCIS is in the process of developing a reporting mechanism for false negative matches that will highlight any disparate impacts on various demographics. USCIS will produce an internal annual overview of the facial recognition results and any data points USCIS has about demographics. The use case has been found to not lead to or perpetuate unlawful discrimination or bias.,Yes – by the CAIO,"Automated and Regularly Scheduled Updates: Some aspects of the plan to monitor the AI system post-deployment are automated including re-training of models after detecting drift; however, data science teams are still significantly involved in the monitoring and re-deployment process.",No - Some individual decisions or actions require direct human oversight.,,N/A - individuals are not interacting with the AI for this use case,,No,The development of the face matching AI by the vendor began several years ago and it has been continuously updated since. . The algorithms are industry leading as measured by NIST’s Face Recognition Technology Evaluation (FRTE) n:1 benchmark. All testing met or exceeded expectations. [Meets § 5(c)(iv)(B)],"General solicitations of comments from the public,Other",,Yes,,No – There is law or governmentwide guidance that restricts opt-out for this context. ,,8
CESASolarModel,Tennessee Valley Authority,TVA,Commercial Energy Solutions,Energy & the Environment,,None of the above.,"This app allows internal TVA users to generate sample bills for directly served and BCD-rate customers based on active wholesale rates, historical load, and expected shape/magnitude of new behind-the-meter solar arrays.",Sample bills based on input data,Operation and Maintenance,Neither,3/3/2021,5/19/2021,1/7/2022,,Developed in-house.,,No,,,Yes,Data quality and model quality checks,No,,Yes,,"Power Billing (PBS), Electricity Sales Statistics (ESS), EIA Henry Hub gas prices and weather, Enterprise Planning solar shape library, PV Watts solar shape generator.","Documentation is missing or not available: No documentation exists regarding maintenance, composition, quality, or intended use of the training and evaluation data.",,,Yes,Yes,,Yes,R Shiny Web application,More than 12 months,Yes,,Yes,,Yes,,Use of existing data platforms: This use case is being developed on existing enterprise data and analytics platforms within the agency rather than procuring additional platforms or SaaS to operate.,Limited documentation for review: Some information regarding the model’s performance on specific benchmarks are available or have been shared with specific stakeholders within the agency.,No – Agency did not request an extension for this use case.,Yes,Yes,,,"Intermittent and Manually Updated: A plan for monitoring the AI use case is in place, and requires data science teams to work with DevOps engineers to manually update models at scheduled intervals, and create metrics to detect data distribution shifts between the operational environment and the training data for the model. ",No - Some individual decisions or actions require direct human oversight.,,None of the above,,No,N/A - no demographic information used,N/A - no demographic information used,,Yes,,Yes,,8
EnergyRightDERPortfolioEvaluation,Tennessee Valley Authority,TVA,Commercial Energy Solutions,Energy & the Environment,,None of the above.,This app is primarily a visualization and export tool for the outputs of ES&P's system planning processes through which Enterprise Planning can obtain aggregations of ES&P forecasts and ES&P can gain insight into evaluation methodologies. It also contains a connection to the ES&P forecast aggregation engine for reporting purposes and stochastic simulation tools.,Report of ES&Ps aggregated forecasts,Operation and Maintenance,Neither,1/1/2019,1/1/2019,11/1/2023,,Developed in-house.,,No,,,Yes,Data quality and model quality checks,No,,Yes,,"EnergyRight and Advanced Analytics databases (components originally from Enterprise Planning system marginal value analysis, system load forecast, TVA EE/BE technical resource manual).","Documentation is missing or not available: No documentation exists regarding maintenance, composition, quality, or intended use of the training and evaluation data.",,,Yes,Yes,,Yes,R Shiny Web application,6-12 months,Yes,,Yes,,Yes,,Use of existing data platforms: This use case is being developed on existing enterprise data and analytics platforms within the agency rather than procuring additional platforms or SaaS to operate.,Limited documentation for review: Some information regarding the model’s performance on specific benchmarks are available or have been shared with specific stakeholders within the agency.,No – Agency did not request an extension for this use case.,Yes,Yes,,,"Intermittent and Manually Updated: A plan for monitoring the AI use case is in place, and requires data science teams to work with DevOps engineers to manually update models at scheduled intervals, and create metrics to detect data distribution shifts between the operational environment and the training data for the model. ",No - Some individual decisions or actions require direct human oversight.,,None of the above,,No,N/A - no demographic information used,N/A - no demographic information used,,Yes,,Yes,,8
GET,Tennessee Valley Authority,TVA,Generation Projects & Fleet Strategy,Energy & the Environment,,Creating visual representations of data sets for reports and presentations using AI.,"Groundwater evaluation Tool - The GET Tool is designed to provide statistical analysis of groundwater monitoring data required under State regulatory programs and the federal Coal Combustion Residuals (CCR) rule. It uses state-of-the-art statistical and predictive methods to evaluate geochemical and geotechnical data under three phases of groundwater monitoring: Detection, Assessment, and Corrective Action. In “Detection”, background data is used to construct prediction limits for use in identifying statistically significant changes from background levels. In “Assessment” and “Corrective Action”, compliance data is used to compute confidence intervals and confidence bands to assess violations of groundwater protection standards (GWPS) to inform of corrective action needs.",Dashboard and reports of statistical analysis of groundwater data,Operation and Maintenance,Neither,12/1/2021,12/1/2021,7/21/2022,,Developed in-house.,,No,,,No,Data quality and model quality checks,No,,Yes,,Groundwater data from Equis,"Documentation is complete: Documentation exists regarding the maintenance, composition, quality, and intended use of the training and evaluation data, as well as any statistical bias across model features and protected groups. ",,,Yes,Yes,,Yes,R Shiny Web application,More than 12 months,Yes,,Yes,,Yes,,Use of existing data platforms: This use case is being developed on existing enterprise data and analytics platforms within the agency rather than procuring additional platforms or SaaS to operate.,Limited documentation for review: Some information regarding the model’s performance on specific benchmarks are available or have been shared with specific stakeholders within the agency.,No – Agency did not request an extension for this use case.,Yes,Yes,,,"Intermittent and Manually Updated: A plan for monitoring the AI use case is in place, and requires data science teams to work with DevOps engineers to manually update models at scheduled intervals, and create metrics to detect data distribution shifts between the operational environment and the training data for the model. ",No - Some individual decisions or actions require direct human oversight.,,None of the above,,No,N/A - no demographic information used,N/A - no demographic information used,,Yes,,Yes,,8
GMET,Tennessee Valley Authority,TVA,Generation Projects & Fleet Strategy,Energy & the Environment,,Creating visual representations of data sets for reports and presentations using AI.,The Groundwater Modeling Evaluation Tool (GMET) is an R Shiny application that uses Phreeqc geochemical models and analysis to evaluate groundwater chemistry data at each of TVA’s CCR sites ,Geochemical reports on chemical makeup of groundwater data,Operation and Maintenance,Neither,7/23/2023,7/23/2023,2/6/2024,,Developed in-house.,,No,,,No,Data quality and model quality checks,No,,Yes,,Groundwater data from Equis,"Documentation is complete: Documentation exists regarding the maintenance, composition, quality, and intended use of the training and evaluation data, as well as any statistical bias across model features and protected groups. ",,,Yes,Yes,,Yes,R Shiny Web application,6-12 months,Yes,,Yes,,Yes,,Use of existing data platforms: This use case is being developed on existing enterprise data and analytics platforms within the agency rather than procuring additional platforms or SaaS to operate.,Limited documentation for review: Some information regarding the model’s performance on specific benchmarks are available or have been shared with specific stakeholders within the agency.,No – Agency did not request an extension for this use case.,Yes,Yes,,,"Intermittent and Manually Updated: A plan for monitoring the AI use case is in place, and requires data science teams to work with DevOps engineers to manually update models at scheduled intervals, and create metrics to detect data distribution shifts between the operational environment and the training data for the model. ",No - Some individual decisions or actions require direct human oversight.,,None of the above,,No,N/A - no demographic information used,N/A - no demographic information used,,Yes,,Yes,,8
ICI camera ,Tennessee Valley Authority,TVA,Enterprise Analytics & Innovation,Energy & the Environment,,None of the above.,Use computer vision to detect rate of change of water temperature with thermal image data which is indicative of dam leakage,Predictions on what temperature of water should be and risk flag if over threshold,Operation and Maintenance,Neither,11/5/2020,11/5/2020,8/15/2021,10/15/2021,Developed in-house.,,No,,,No,Data quality and model quality checks,No,,Yes,,Thermal camera imagery,"Documentation has been partially completed: Some documentation exists (detailing the composition and any statistical bias or measurement skew for training and evaluation purposes), but documentation took place within this use case’s development.",,,Yes,Yes,,Yes,R Shiny Web application,Less than 6 months,Yes,,Yes,,Yes,,Use of existing data platforms: This use case is being developed on existing enterprise data and analytics platforms within the agency rather than procuring additional platforms or SaaS to operate.,Limited documentation for review: Some information regarding the model’s performance on specific benchmarks are available or have been shared with specific stakeholders within the agency.,No – Agency did not request an extension for this use case.,Yes,Yes,,,"Intermittent and Manually Updated: A plan for monitoring the AI use case is in place, and requires data science teams to work with DevOps engineers to manually update models at scheduled intervals, and create metrics to detect data distribution shifts between the operational environment and the training data for the model. ",No - Some individual decisions or actions require direct human oversight.,,N/A - individuals are not interacting with the AI for this use case,,No,N/A - no demographic information used,N/A - no demographic information used,,Yes,,Yes,,8
Hurricane Score,Department of Homeland Security,DHS,ICE,Law & Justice,,None of the above.,"The Immigration and Customs Enforcement (ICE) Enforcement and Removal Operations (ERO) division would like to explore technology that could help lead to time savings and eliminate human error due to overburdened officers.  An AI generated hurricane score could also minimize the risk that a factor is overlooked due to officers being overburdened.  The hurricane score may be one factor that is used to inform the decision-making process. The “Hurricane Score” models the potential risk (1-5) that a noncitizen who is released from detention with the requirement to check in with ICE through monitoring will abscond from the program, with a higher number indicating a higher risk of absconding.","The Hurricane score model determines a probability of absconding and outputs a number (1-5), with a higher number indicating a higher risk of absconding. This number is used as one of many factors an officer uses when reviewing an ATD-ISAP case to determine the appropriate level of case management and technology for a noncitizen.",Operation and Maintenance,"Rights-Impacting
",2/1/2017,2/1/2017,2/1/2019,,Developed in-house.,,No,,,No,,Yes,No,No,,Inactive case data from individuals enrolled in the ATD-ISAP program.,"Documentation is complete: Documentation exists regarding the maintenance, composition, quality, and intended use of the training and evaluation data, as well as any statistical bias across model features and protected groups. ","Sex/Gender,Age,Other",Country of Origin,Yes,"Yes – agency has access to source code, but it is not public.",,No,,Less than 6 months,Yes,,Yes,,Yes,,None: This use case does not re-use any internally developed tooling or managed infrastructure from any other AI development efforts within the agency.,Limited documentation for review: Some information regarding the model’s performance on specific benchmarks are available or have been shared with specific stakeholders within the agency.,No – Agency did not request an extension for this use case.,Yes,"Performance evaluation in operational environment: The AI use case has been tested in an operational environment before being fully implemented as a solution, or has been tested in simulated or controlled environment using operational or synthetic data.","There is a risk that the Absconder Model may include false positives and model bias. A false positive would occur when non-absconders are incorrectly classified with a score indicating a high probability of absconding. Model bias can arise if the training data is not representative of the full range of participants, leading to poor performance on certain patterns or characteristics. These risks are identified and if necessary remediated through error analysis during model testing and model performance monitoring. ",Yes – by the CAIO,"Intermittent and Manually Updated: A plan for monitoring the AI use case is in place, and requires data science teams to work with DevOps engineers to manually update models at scheduled intervals, and create metrics to detect data distribution shifts between the operational environment and the training data for the model. ",No - Some individual decisions or actions require direct human oversight.,,N/A - individuals are not interacting with the AI for this use case,,No,It is reevaluated and retrained on an annual basis.,Direct user testing,,Yes,,Other,H-Score adds one piece of info to a larger profile for decision-making by a human.,8
Stratification Tool for Opioid Risk Mitigation (STORM) predictive model ,Department of Veterans Affairs,VA,VHA: Veterans Health Administration,Health & Medical,,None of the above.,"The STORM model is a predictive model to estimate risk of a suicide or overdose-related health care event or death in the next year.  The model uses patient level predictors extracted from the patient’s medical records (into the VA’s Corporate Data Warehouse), such as diagnoses, prescriptions, and health care utilization, etc.  
This predictive model is used for three purposes. (1) Primary use case is to identify patients at elevated risk of suicide or overdose-related events for referral to an interdisciplinary team for clinical case review.  This team makes treatment recommendations to share with treating providers and documents them in the medical record. The STORM algorithm is used to identify patients to refer to this program at each facility.  Assignment to this case management program has been shown to reduce all-cause mortality in patients estimated at “very high” risk on the STORM predictive model by 22% in the next 4 months. (2) Secondary use case is to help risk stratify patients based on prior health care interactions to support augmentation of risk mitigation interventions and treatments for patients with patterns of care associated with risk of suicide or overdose events. Risk estimates are provided as a sorting/filtering and informational feature on the STORM clinical decision support system.  This decision support system enables population management of patients prescribed opioids or with opioid use disorders, as well as providing curated information to support treatment planning for individual patients. (3) The last use case is to meet the requirements of the Comprehensive Addiction Recovery Act (CARA) mandating that clinicians use VA decision support tools to review patient risks prior to initiating opioid therapy for pain.  Direct synchronized links from the VISTA medical record to the STORM report integrate this decision support summary information into clinician workflows as a support for risk assessment before writing and initial opioid prescription.  Each of these use cases is built into existing clinical workflows completed by overlapping, but different health care providers. For use case 1, designated interdisciplinary risk review teams at each health care system use the risk estimates to determine which patient require risk review.  For use case 2, VA health care providers (e.g., opioid prescribers) and teams (e.g., primary care and general mental health teams) use the risk estimates in combination with decision support recommendations of interventions to consider facilitate and augment risk assessment and treatment planning for their patients on opioid analgesics or being treated for opioid use disorder.  For use case 3, VA medication prescribers or their delegated team members use the categorized risk scores in the context of curated descriptive data from the patient’s medical record to review risk factors and consider risk and benefits of treatment options for pain management before prescribing opioids.  Risk considerations are documented in a clinical note for tracking.   Use of STORM is expected to improve decision-making about opioid prescribing and treatment of patients with opioid use disorders, as well as consistency of use of clinical practice guideline recommended treatment practices for safe management of patients exposed to opioids.  STORM also focuses on ensuring recognition of patient risks and facilitating care coordination across treatment providers for complex patients with multiple interacting disorders. By improving use of risk mitigation practices and treatment interventions, we expect STORM will reduce adverse outcomes for patients exposed to opioids.  Program evaluations support this expectation, finding that implementation of the targeted interdisciplinary review requirements associated with use case 1 significantly reduced all cause mortality in the targeted patient population. 

Links: https://psycnet.apa.org/buy/2017-03732-004
https://www.tandfonline.com/doi/10.1080/08897077.2018.1540376
https://link.springer.com/article/10.1007/s11606-022-07622-1
https://www.ncbi.nlm.nih.gov/pmc/articles/PMC10698768/","The STORM predictive model estimates the risk of having an overdose or suicide-related event in next year for all patients currently receiving a VA opioid analgesic prescription with nightly updates.  For all other active VHA patients, the STORM predictive model estimates the hypothetical risk of having an overdose or suicide-related event in next year, if the patient was prescribed or otherwise had access to low, medium, or high dose opioid analgesics.  These risk estimates are provided to clinicians on a family of dashboards, both as percentage likelihood of an event in the next year, and as a categorical grouping of estimated low, medium, high or very high risk.   Paired with this risk estimate is a summary of all risk factors identified and considered in generating the risk estimate for that patient, and recommendations for risk mitigation and treatment options to consider.  These recommendations are tailored based on patient characteristics identified in the medical record (e.g. Medications for opioid use disorder are recommended for patients seen for an opioid use disorder diagnosis) and patient receipt of these interventions is tracked and displayed on the dashboard.  The STORM dashboards are used by clinicians as an informational tool to summarize and organize medical record information to support risk reviews during treatment planning (e.g. when considering an opioid prescription), for management of patients prescribed opioids or treated for opioid use disorder, and for interdisciplinary case reviews of very high risk patients to ensure safe and effective care coordination and treatment planning across health care providers.",Operation and Maintenance,Both,6/1/2012,6/1/2012,6/1/2015,,Developed in-house.,,No,,,No,,Yes,Yes,Yes,,"Clinical data came from the VHA National Corporate Data Warehouse, an archival data set that contains comprehensive patient-by-patient, encounter-by-encounter clinical and administrative data derived from the Department of Veterans Affairs’ electronic medical records. Data regarding vital status and cause of death were from the National Death Index, a centralized database maintained by the National Center for Health Statistics of death record information on file in state vital statistics offices.","Documentation is widely available: Documentation is not only complete, but is widely accessible within the agency, and has an owner and a regular update cadence.","[""Marital Status"",""Sex/Gender"",""Age""]",,Yes,"Yes – agency has access to source code, but it is not public.",,Yes,VA Corporate Data Warehouse - 1152,Less than 6 months,Yes,,Yes,,Yes,,Re-use production level code from a different use-case: This use case re-uses production level code and/or internally developed code libraries for model development from existing AI systems or repositories inside the agency.,Limited documentation for review: Some information regarding the model’s performance on specific benchmarks are available or have been shared with specific stakeholders within the agency.,No – Agency did not request an extension for this use case.,Yes,"Impact evaluation in operational environment: The AI use case has been tested in an operational environment before being fully implemented as a solution and has utilized randomized experiments with a control group or other counterfactual, social systems analysis, or other rigorous research methodologies to evaluate impact and identify potential harm to users as well as broader groups of people.","(1) Providers might over-rely on statistical risk assessment. This risk was a concern based on known tendencies of some providers to over-interpret recommendations as requirements.  This tendency was observed in a minority of providers and addressed explicitly in training and training materials moving forward.  (2) The program could be clinically inefficient and use provider time that might be more effectively focused elsewhere.  This is a concern for all VHA clinical programs, and VHA management consistently seeks to optimize clinical time and attention towards achieving the greatest patient benefit.  (3) The program could lead to unfair allocation of clinical resources if the model is biased and other clinical programming does not compensate for areas of model under-performance. Here, a targeted case review is required for patients identified as ""very high"" risk per the STORM predictive model, though all clinical services are available and recommended for all patients based on clinical indication in the STORM decision support system.   After review of the common risks template, the following risks were identified: Fair & Equitable (FE) - Algorithm target not reflective of real-world outcome of interest Response: There is a risk that changes in population exposures and behaviors related to opioids may alter patterns of risk away from those the model was trained on.    Transparent & Explainable (TE) - Degradation of End-User Trust and Ineffective Challenge or Remedy Processes Response: This is a risk, there has been public misunderstanding of how VA predictive models are developed and used. VA has responded and clarified misconceptions where concerns have been raised.  Accountable & Monitored (AM) - Performance Efficacy and Fairness (e.g. Model/Data Drift, Model Degradation, or inappropriate application)  Response: This is a risk, model performance is degrading over time and an update is in process. However all identified patients are clinically complex and appropriate for clinical attention.  Accountable & Monitored (AM) - User-Introduced Errors Response: There is a low risk, there is a community of practice and regular monthly education to support proper implementation of the VA opioid safety program, including the STORM decision support system and predictive model.  Accountable & Monitored (AM) - System Performance Not as Intended Response: There is a low risk, team has validation processes to review all steps.",TRUE,"Intermittent and Manually Updated: A plan for monitoring the AI use case is in place, and requires data science teams to work with DevOps engineers to manually update models at scheduled intervals, and create metrics to detect data distribution shifts between the operational environment and the training data for the model. ",No - Some individual decisions or actions require direct human oversight.,,Online - in the terms or instructions for the service.,,Yes,"VA has examined performance of the STORM model for estimating overdose and suicide -related risk among Veterans in VHA care, stratified by patient sex, race and ethnicity.  The first iteration of model performance evaluation is described in List et al., 2023, available at: https://www.ncbi.nlm.nih.gov/pmc/articles/PMC10698768/.   The main finding from this evaluation was that the model tended to underestimate risk in non-white populations in years subsequent to the year the model was trained on.  This underestimation tracked population level changes in opioid overdose rates across this period, as there was a significant increase in observed overdose rates in non-white populations between the model training year and later years.  This finding emphasized the importance of regular updating of the predictive model to address changes in risk contributions in the U.S. population over time.  Additional efforts to optimize bias evaluation methods were undertaken utilizing the STORM model as an example (Meerwijk et al., 2024).  While this evaluation emphasized the complexity of bias evaluation, it also suggested opportunities for improvement of model performance, particularly for older adults, who tend to utilize VHA mental health services less than younger VHA patients. Guided by these findings, VHA is actively working on an update to the STORM predictive model, incorporating a significantly expanded set of candidate predictor variables in hopes of better capturing indications of risk across subpopulations and optimizing the model to reflect evolving trends in opioid exposure and outcomes. As part of this effort, VHA has built a decision support infrastructure to enable remodeling, model evaluation, and model deployment into VHA clinical decision support systems on an annual or as-needed cycle.    References:  Meerwijk EL, McElfresh DC, Martins S, Tamang SR. Evaluating accuracy and fairness of clinical decision support algorithms when health care resources are limited. J Biomed Inform. 2024 Aug;156:104664. doi: 10.1016/j.jbi.2024.104664. Epub 2024 Jun 6. PMID: 38851413.   List JM, Palevsky P, Tamang S, Crowley S, Au D, Yarbrough WC, Navathe AS, Kreisler C, Parikh RB, Wang-Rodriguez J, Klutts JS, Conlin P, Pogach L, Meerwijk E, Moy E. Eliminating Algorithmic Racial Bias in Clinical Decision Support Algorithms: Use Cases from the Veterans Health Administration. Health Equity. 2023 Nov 30;7(1):809-816. doi: 10.1089/heq.2023.0037. PMID: 38076213; PMCID: PMC10698768.","[""Direct user testing""]",,No – it is not operationally practical to offer this.,"While we do have a process via which a patient can request to not have risk estimates created, the output of the system only consists of information to guide clinical decision-making.  All decisions and outcomes are driven by the clinician treating the patient.",Yes,,8
Care Assessment Needs (CAN) Score,Department of Veterans Affairs,VA,VHA: Veterans Health Administration,Health & Medical,,None of the above.,CAN is a set of risk-stratifying logistic regression models run on Veterans receiving health care through VHA.,90-day hospitalization or 90-day death,Operation and Maintenance,Both,1/1/2011,6/1/2011,1/1/2012,,Developed in-house.,,Yes,Veterans Health Administration,,No,,No,No,Yes,,"Patient demographics, medical conditions, laboratory results, medications, health care utilization, social determinants of health, social history, vital signs.","Documentation is complete: Documentation exists regarding the maintenance, composition, quality, and intended use of the training and evaluation data, as well as any statistical bias across model features and protected groups. ","[""Race/Ethnicity"",""Sex/Gender"",""Age"",""Socioeconomic Status""]",,Yes,"Yes – agency has access to source code, but it is not public.",,No,,6-12 months,Yes,,Yes,,Yes,,Use of existing data platforms: This use case is being developed on existing enterprise data and analytics platforms within the agency rather than procuring additional platforms or SaaS to operate.,Documentation has been published: Complete documentation has been published to a repository or data catalog within the agency and is made accessible to other data science teams for review and feedback.,No – Agency did not request an extension for this use case.,Yes,"Performance evaluation in operational environment: The AI use case has been tested in an operational environment before being fully implemented as a solution, or has been tested in simulated or controlled environment using operational or synthetic data.",Drift. Monitoring routinely,TRUE,"Automated and Regularly Scheduled Updates: Some aspects of the plan to monitor the AI system post-deployment are automated including re-training of models after detecting drift; however, data science teams are still significantly involved in the monitoring and re-deployment process.",No - Some individual decisions or actions require direct human oversight.,,Online - in the terms or instructions for the service.,,No,Included in pool of candidate variables and model tested for bias,"[""Direct user testing""]",,No – it is not operationally practical to offer this.,The model is for use by physicians as one additional clinical input. Ultimately the physician makes decisions after looking at all patient clinical information including demographics.  Physicians can offer feedback but the patient is not directly exposed to this model.,Yes,Physicians can choose to use the model or not and their decision is always with human input.,8
Low Probability of False Alarm (Low-Pfa) Algorithm for on-person screening.,Department of Homeland Security,DHS,TSA,Transportation,,None of the above.,"The purpose is to reduce alarm rates while providing gender neutral detection which would increase passenger throughput and experience.

Utilizes Machine Learning (ML) to improve detection performance while decreasing alarm rates and passengers touch rates. The algorithm is gender agnostic which no longer requires officers to select a passengers gender prior to being scanned. AIT throughput and AIT utilization have increased with this new algorithm. Note: Once the algorithm is trained, it is locked down and no longer learning.",The AI outputs target coordinates to the operator viewing station which is viewed as a bounding box on a representative human figure.,Implementation and Assessment,Both,9/1/2021,9/1/2022,,,Developed with contracting resources.,Contract: HSTS0417DCT1087 Task Order: 70T04022F7672N011,Yes,Transportation Security Administration – DHS ,Completing TSA passenger screening,No,,No,No,No,,"N/A - The Agency does not own any of the data used to train, fine-tune, and/or evaluate performance of the model(s) used in this use case.","Documentation has been partially completed: Some documentation exists (detailing the composition and any statistical bias or measurement skew for training and evaluation purposes), but documentation took place within this use case’s development.",,,Yes,"Yes – agency has access to source code, but it is not public.",,No,,More than 12 months,No,,No,,Other,,None: This use case does not re-use any internally developed tooling or managed infrastructure from any other AI development efforts within the agency.,Documentation has been published: Complete documentation has been published to a repository or data catalog within the agency and is made accessible to other data science teams for review and feedback.,No – Agency did not request an extension for this use case.,Yes,"Impact evaluation in operational environment: The AI use case has been tested in an operational environment before being fully implemented as a solution and has utilized randomized experiments with a control group or other counterfactual, social systems analysis, or other rigorous research methodologies to evaluate impact and identify potential harm to users as well as broader groups of people.","Security risks include false negatives allowing threats to get through the sterile side of the airport or high false alarm rates slowing operations. The program follows the Test & Evaluation (T&E) process documented in the TSA T&E Policy, T&E Guidebook, TSA Acquisition Qualification Policy, and TSA Third Party Testing Strategy, which includes independent test & evaluation. Various types of testing were conducted, including functional testing, developmental test & evaluation, independent test & evaluation, and integration/implementation testing. Tests were conducted on a variety of body types with varying concealment locations, concealment methods, and target types. Metrics include probability of detection, probability of false alarm, mean time between failure, mean down time, mean time to repair, and percentage of eligible passengers unable to be screened. All tests met or exceeded expectations. TSA performs regular checks to verify performance of the scanner (which includes the AI model) using Operational Test Kits (OTK). OTKs are used daily, whenever a scanner is moved, whenever a scanner is power-cycled, and as needed to verify performance. OTKs are created by each OEM and are specific to their scanners. They contain items that when concealed on a scanned person will result in a positive scan for a target. ",Yes – by the CAIO,"Intermittent and Manually Updated: A plan for monitoring the AI use case is in place, and requires data science teams to work with DevOps engineers to manually update models at scheduled intervals, and create metrics to detect data distribution shifts between the operational environment and the training data for the model. ",No - Some individual decisions or actions require direct human oversight.,,Online - in the terms or instructions for the service.,,No,"The program follows the Test & Evaluation process documented in the TSA T&E Policy, T&E Guidebook, TSA Acquisition Qualification Policy, and TSA Third Party Testing Strategy, which includes independent test & evaluation.","Direct user testing,General solicitations of comments from the public",,Yes,,Yes,,8
CR intelligent search,Tennessee Valley Authority,TVA,Enterprise Analytics & Innovation,Energy & the Environment,,Searching for information using AI.,Use NLP to search through CRs. Also tool to include pattern recognition and adding additional safety data to search for and do topic modeling on,Search engine for looking through condition reports,Operation and Maintenance,Neither,6/15/2021,6/15/2021,3/31/2022,,Developed in-house.,,No,,,No,Data quality and model quality checks,No,,Yes,,Condition reports,"Documentation is complete: Documentation exists regarding the maintenance, composition, quality, and intended use of the training and evaluation data, as well as any statistical bias across model features and protected groups. ",,,Yes,Yes,,Yes,Python Dash,6-12 months,Yes,,Yes,,Yes,,Use of existing data platforms: This use case is being developed on existing enterprise data and analytics platforms within the agency rather than procuring additional platforms or SaaS to operate.,Limited documentation for review: Some information regarding the model’s performance on specific benchmarks are available or have been shared with specific stakeholders within the agency.,No – Agency did not request an extension for this use case.,Yes,Yes,,,"Intermittent and Manually Updated: A plan for monitoring the AI use case is in place, and requires data science teams to work with DevOps engineers to manually update models at scheduled intervals, and create metrics to detect data distribution shifts between the operational environment and the training data for the model. ",No - Some individual decisions or actions require direct human oversight.,,None of the above,,No,N/A - no demographic information used,N/A - no demographic information used,,Yes,,Yes,,8
Materials tracking,Tennessee Valley Authority,TVA,Supply Chain   ,Energy & the Environment,,Creating visual representations of data sets for reports and presentations using AI.,Use predictive analytics and confidence levels to track materials as they go through the supply chain process and risk on being delivered on time,"Dashboard for monitoring where in the supply chain process, item is and if it is at risk for being late",Operation and Maintenance,Neither,1/5/2020,1/5/2020,5/1/2021,,Developed in-house.,,No,,,No,Data quality and model quality checks,No,,Yes,,Maximo data,"Documentation has been partially completed: Some documentation exists (detailing the composition and any statistical bias or measurement skew for training and evaluation purposes), but documentation took place within this use case’s development.",,,Yes,Yes,,Yes,"MS Azure, PowerBI",More than 12 months,Yes,,Yes,,Yes,,Use of existing data platforms: This use case is being developed on existing enterprise data and analytics platforms within the agency rather than procuring additional platforms or SaaS to operate.,Limited documentation for review: Some information regarding the model’s performance on specific benchmarks are available or have been shared with specific stakeholders within the agency.,No – Agency did not request an extension for this use case.,Yes,Yes,,,"Intermittent and Manually Updated: A plan for monitoring the AI use case is in place, and requires data science teams to work with DevOps engineers to manually update models at scheduled intervals, and create metrics to detect data distribution shifts between the operational environment and the training data for the model. ",No - Some individual decisions or actions require direct human oversight.,,None of the above,,No,N/A - no demographic information used,N/A - no demographic information used,,Yes,,Yes,,8
